{
  "pure_rs_bm": {
    "ebn0_db": [
      5.0,
      5.5,
      6.0,
      6.5,
      7.0,
      7.5,
      8.0,
      8.5,
      9.0,
      9.5,
      10.0,
      10.5,
      11.0
    ],
    "ser": [
      0.24008403361344538,
      0.1907563025210084,
      0.16310924369747898,
      0.13218487394957984,
      0.09899159663865546,
      0.07378151260504201,
      0.05033613445378151,
      0.027647058823529413,
      0.009831932773109243,
      0.002142857142857143,
      0.0001680672268907563,
      0.0002100840336134454,
      0.0
    ],
    "ber": [
      0.03837935174069628,
      0.02971188475390156,
      0.02567827130852341,
      0.02020408163265306,
      0.015366146458583434,
      0.011392557022809124,
      0.007286914765906363,
      0.0041656662665066025,
      0.0014405762304921968,
      0.00037815126050420167,
      2.4009603841536614e-05,
      3.001200480192077e-05,
      0.0
    ],
    "fer": [
      1.0,
      1.0,
      1.0,
      1.0,
      1.0,
      0.97,
      0.8,
      0.55,
      0.21,
      0.05,
      0.005,
      0.005,
      0.0
    ],
    "n_frames": [
      100,
      100,
      100,
      100,
      100,
      100,
      100,
      100,
      100,
      200,
      200,
      200,
      200
    ],
    "n_frame_errors": [
      100,
      100,
      100,
      100,
      100,
      97,
      80,
      55,
      21,
      10,
      1,
      1,
      0
    ],
    "avg_f2m_ops": [
      1690.69,
      1694.17,
      1697.17,
      1694.62,
      1696.11,
      1692.65,
      1675.89,
      1659.37,
      1543.26,
      1408.975,
      1271.81,
      1171.28,
      1088.995
    ],
    "avg_latency_us": [
      447.0074700014948,
      444.9554300015279,
      437.8949700003431,
      432.52459999962434,
      436.7449500008999,
      439.7254500005942,
      443.267909999179,
      445.01374000049077,
      437.00167000139356,
      413.91040999954436,
      356.8066749996035,
      290.11414500033106,
      225.94392000016217
    ]
  },
  "pure_rs_lccbr": {
    "ebn0_db": [
      5.0,
      5.5,
      6.0,
      6.5,
      7.0,
      7.5,
      8.0,
      8.5,
      9.0,
      9.5,
      10.0,
      10.5,
      11.0
    ],
    "ser": [
      0.25252100840336134,
      0.20512605042016807,
      0.17697478991596638,
      0.14680672268907563,
      0.11647058823529412,
      0.09067226890756303,
      0.06369747899159664,
      0.037142857142857144,
      0.012941176470588235,
      0.0025210084033613447,
      0.0001680672268907563,
      0.0002100840336134454,
      0.0
    ],
    "ber": [
      0.04429771908763505,
      0.03663865546218487,
      0.03195678271308523,
      0.026722689075630253,
      0.022737094837935175,
      0.01858343337334934,
      0.012701080432172869,
      0.00815126050420168,
      0.002857142857142857,
      0.0005042016806722689,
      2.4009603841536614e-05,
      3.001200480192077e-05,
      0.0
    ],
    "fer": [
      1.0,
      1.0,
      1.0,
      1.0,
      1.0,
      0.96,
      0.8,
      0.53,
      0.21,
      0.045,
      0.005,
      0.005,
      0.0
    ],
    "n_frames": [
      100,
      100,
      100,
      100,
      100,
      100,
      100,
      100,
      100,
      200,
      200,
      200,
      200
    ],
    "n_frame_errors": [
      100,
      100,
      100,
      100,
      100,
      96,
      80,
      53,
      21,
      9,
      1,
      1,
      0
    ],
    "avg_f2m_ops": [
      28123.28,
      28043.13,
      27983.3,
      28076.28,
      27974.23,
      27955.66,
      27846.5,
      27551.51,
      26847.86,
      25993.795,
      25005.085,
      24215.715,
      23510.015
    ],
    "avg_latency_us": [
      5300.496279999721,
      5284.868760001017,
      5279.022909999751,
      5308.446259998904,
      5270.781250000594,
      5310.319200000319,
      5304.168330001746,
      5220.942930000376,
      5271.4574899982845,
      5278.139179999783,
      5214.757495000274,
      5116.778935000637,
      5063.112315000354
    ]
  },
  "scheme_a": {
    "ebn0_db": [
      5.0,
      5.5,
      6.0,
      6.5,
      7.0,
      7.5,
      8.0,
      8.5,
      9.0,
      9.5,
      10.0
    ],
    "ser": [
      0.5636134453781513,
      0.4611764705882353,
      0.32571428571428573,
      0.24260504201680672,
      0.11714285714285715,
      0.05008403361344538,
      0.018907563025210083,
      0.003137254901960784,
      0.0014005602240896359,
      0.0009523809523809524,
      0.0
    ],
    "ber": [
      0.26334933973589436,
      0.21406962785114045,
      0.15145258103241296,
      0.11546218487394957,
      0.053637454981992794,
      0.023217286914765906,
      0.008619447779111644,
      0.0015046018407362945,
      0.000664265706282513,
      0.00042416966786714685,
      0.0
    ],
    "fer": [
      1.0,
      1.0,
      0.99,
      0.93,
      0.72,
      0.38,
      0.17,
      0.02666666666666667,
      0.013333333333333334,
      0.013333333333333334,
      0.0
    ],
    "n_frames": [
      100,
      100,
      100,
      100,
      100,
      100,
      100,
      150,
      150,
      150,
      150
    ],
    "n_frame_errors": [
      100,
      100,
      99,
      93,
      72,
      38,
      17,
      4,
      2,
      2,
      0
    ],
    "avg_f2m_ops": [
      27946.8,
      28013.96,
      28032.67,
      27580.48,
      26624.53,
      24921.99,
      23809.6,
      23000.453333333335,
      22909.02,
      22936.38,
      22833.413333333334
    ],
    "avg_latency_us": [
      6376.899210000036,
      6289.382879998015,
      6237.322909999816,
      6280.530439998127,
      6234.410399999888,
      6105.0528699985325,
      6056.328750000263,
      5947.20750666776,
      5957.7327933334345,
      5932.3438800011745,
      5908.409699998743
    ]
  },
  "scheme_b": {
    "ebn0_db": [
      5.0,
      5.5,
      6.0,
      6.5,
      7.0,
      7.5,
      8.0,
      8.5,
      9.0,
      9.5,
      10.0
    ],
    "ser": [
      0.5636134453781513,
      0.4611764705882353,
      0.32571428571428573,
      0.24260504201680672,
      0.11714285714285715,
      0.05008403361344538,
      0.018907563025210083,
      0.003137254901960784,
      0.0014005602240896359,
      0.0009523809523809524,
      0.0
    ],
    "ber": [
      0.26334933973589436,
      0.21406962785114045,
      0.15145258103241296,
      0.11546218487394957,
      0.053637454981992794,
      0.023217286914765906,
      0.008619447779111644,
      0.0015046018407362945,
      0.000664265706282513,
      0.00042416966786714685,
      0.0
    ],
    "fer": [
      1.0,
      1.0,
      0.99,
      0.93,
      0.72,
      0.38,
      0.17,
      0.02666666666666667,
      0.013333333333333334,
      0.013333333333333334,
      0.0
    ],
    "n_frames": [
      100,
      100,
      100,
      100,
      100,
      100,
      100,
      150,
      150,
      150,
      150
    ],
    "n_frame_errors": [
      100,
      100,
      99,
      93,
      72,
      38,
      17,
      4,
      2,
      2,
      0
    ],
    "avg_f2m_ops": [
      26867.8,
      26934.96,
      26953.67,
      26501.48,
      25545.53,
      23842.99,
      22730.6,
      21921.453333333335,
      21830.02,
      21857.38,
      21754.413333333334
    ],
    "avg_latency_us": [
      6402.932040000168,
      6344.089490000895,
      6363.626709998583,
      6257.883309999103,
      6172.970410000008,
      6024.702450000065,
      6002.985829999542,
      5938.455579998656,
      5950.734973334498,
      5930.732253332092,
      5953.462800001906
    ]
  }
}