{"n255_A":{"ebn0_db":12,"ops_a":77009,"ops_b":72930,"savings_percent":5.2967834928384994},"n255_B":{"ebn0_db":12,"ops_a":93265,"ops_b":88310,"savings_percent":5.3128183134080311},"n127":{"ebn0_db":11,"ops_a":21969,"ops_b":20890,"savings_percent":4.91146615685739}}