{
  "results": {
    "n255": {
      "pure_rs": {
        "ebn0_db": [
          6.0,
          6.5,
          7.0,
          7.5,
          8.0,
          8.5,
          9.0,
          9.5,
          10.0,
          10.5
        ],
        "ser": [
          0.18276150627615062,
          0.14497907949790795,
          0.10920502092050209,
          0.08464435146443515,
          0.05774058577405858,
          0.03376569037656904,
          0.013096234309623431,
          0.0015757144128905902,
          4.7071129707112974e-05,
          0.0
        ],
        "ber": [
          0.024581589958158997,
          0.019236401673640168,
          0.014325313807531381,
          0.010904811715481171,
          0.007379707112970711,
          0.004309623430962343,
          0.0016579497907949791,
          0.00019807709427579454,
          5.883891213389122e-06,
          0.0
        ],
        "fer": [
          1.0,
          1.0,
          1.0,
          1.0,
          0.95,
          0.74,
          0.32,
          0.0425531914893617,
          0.00125,
          0.0
        ],
        "n_frames": [
          100,
          100,
          100,
          100,
          100,
          100,
          100,
          470,
          800,
          800
        ],
        "n_frame_errors": [
          100,
          100,
          100,
          100,
          95,
          74,
          32,
          20,
          1,
          0
        ],
        "avg_f2m_ops": [
          6511.48,
          6514.53,
          6515.42,
          6513.28,
          6500.91,
          6475.45,
          6250.39,
          5634.710638297873,
          5106.55875,
          4702.9925
        ]
      },
      "cascade_conv": {
        "ebn0_db": [
          6.0,
          6.5,
          7.0,
          7.5,
          8.0,
          8.5,
          9.0,
          9.5
        ],
        "ser": [
          0.15564853556485356,
          0.1094142259414226,
          0.07029288702928871,
          0.035313807531380755,
          0.008652557175935329,
          0.0011924686192468618,
          7.322175732217574e-05,
          0.0
        ],
        "ber": [
          0.021056485355648535,
          0.014476987447698745,
          0.009304393305439331,
          0.004654811715481172,
          0.0011171141893813218,
          0.00015559623430962344,
          9.152719665271967e-06,
          0.0
        ],
        "fer": [
          1.0,
          1.0,
          0.91,
          0.64,
          0.1941747572815534,
          0.03,
          0.0025,
          0.0
        ],
        "n_frames": [
          100,
          100,
          100,
          100,
          103,
          400,
          400,
          400
        ],
        "n_frame_errors": [
          100,
          100,
          91,
          64,
          20,
          12,
          1,
          0
        ],
        "avg_f2m_ops": [
          14623.22,
          14278.57,
          13756.24,
          12907.85,
          11205.669902912621,
          10063.8675,
          9258.1475,
          8825.9025
        ]
      },
      "cascade_direct": {
        "ebn0_db": [
          6.0,
          6.5,
          7.0,
          7.5,
          8.0,
          8.5,
          9.0,
          9.5
        ],
        "ser": [
          0.15564853556485356,
          0.1094142259414226,
          0.07029288702928871,
          0.035313807531380755,
          0.008652557175935329,
          0.0011924686192468618,
          7.322175732217574e-05,
          0.0
        ],
        "ber": [
          0.021056485355648535,
          0.014476987447698745,
          0.009304393305439331,
          0.004654811715481172,
          0.0011171141893813218,
          0.00015559623430962344,
          9.152719665271967e-06,
          0.0
        ],
        "fer": [
          1.0,
          1.0,
          0.91,
          0.64,
          0.1941747572815534,
          0.03,
          0.0025,
          0.0
        ],
        "n_frames": [
          100,
          100,
          100,
          100,
          103,
          400,
          400,
          400
        ],
        "n_frame_errors": [
          100,
          100,
          91,
          64,
          20,
          12,
          1,
          0
        ],
        "avg_f2m_ops": [
          11141.6,
          11139.97,
          11110.6,
          10896.11,
          10015.73786407767,
          9348.765,
          8924.52,
          8697.1025
        ]
      }
    },
    "n127": {
      "pure_rs": {
        "ebn0_db": [
          5.0,
          5.5,
          6.0,
          6.5,
          7.0,
          7.5,
          8.0,
          8.5,
          9.0,
          9.5
        ],
        "ser": [
          0.214070796460177,
          0.17628318584070796,
          0.1413274336283186,
          0.11584070796460177,
          0.0811504424778761,
          0.04053097345132743,
          0.018584070796460177,
          0.002983915469353553,
          0.00015486725663716813,
          0.0
        ],
        "ber": [
          0.03332490518331226,
          0.02700379266750948,
          0.021352718078381794,
          0.017345132743362832,
          0.011972187104930468,
          0.005903919089759797,
          0.002680151706700379,
          0.0004291933209344152,
          2.2123893805309735e-05,
          0.0
        ],
        "fer": [
          1.0,
          1.0,
          1.0,
          1.0,
          0.9,
          0.52,
          0.25,
          0.046189376443418015,
          0.0025,
          0.0
        ],
        "n_frames": [
          100,
          100,
          100,
          100,
          100,
          100,
          100,
          433,
          800,
          800
        ],
        "n_frame_errors": [
          100,
          100,
          100,
          100,
          90,
          52,
          25,
          20,
          2,
          0
        ],
        "avg_f2m_ops": [
          2905.67,
          2907.0,
          2909.48,
          2905.52,
          2910.3,
          2875.99,
          2721.04,
          2508.272517321016,
          2290.09625,
          2126.47
        ]
      },
      "cascade_conv": {
        "ebn0_db": [
          5.0,
          5.5,
          6.0,
          6.5,
          7.0,
          7.5,
          8.0,
          8.5
        ],
        "ser": [
          0.1786725663716814,
          0.11867256637168141,
          0.05743362831858407,
          0.02247787610619469,
          0.005321898853510932,
          0.001415929203539823,
          0.00017699115044247788,
          0.0
        ],
        "ber": [
          0.028015170670037927,
          0.01859671302149178,
          0.009102402022756004,
          0.0035145385587863464,
          0.0008124041515155465,
          0.00021175726927939316,
          3.1605562579013905e-05,
          0.0
        ],
        "fer": [
          0.99,
          0.9,
          0.56,
          0.26,
          0.06872852233676977,
          0.0175,
          0.0025,
          0.0
        ],
        "n_frames": [
          100,
          100,
          100,
          100,
          291,
          400,
          400,
          400
        ],
        "n_frame_errors": [
          99,
          90,
          56,
          26,
          20,
          7,
          1,
          0
        ],
        "avg_f2m_ops": [
          6376.78,
          6138.68,
          5721.98,
          5288.1,
          4748.099656357388,
          4281.47,
          4022.46,
          3911.7175
        ]
      },
      "cascade_direct": {
        "ebn0_db": [
          5.0,
          5.5,
          6.0,
          6.5,
          7.0,
          7.5,
          8.0,
          8.5
        ],
        "ser": [
          0.1786725663716814,
          0.11867256637168141,
          0.05743362831858407,
          0.02247787610619469,
          0.005321898853510932,
          0.001415929203539823,
          0.00017699115044247788,
          0.0
        ],