{
  "OSD(1)": {
    "4dB": {
      "F2": 66857.364,
      "F2m": 0.0,
      "FP": 1155.294,
      "latency_us": 480.89974400000096
    },
    "5dB": {
      "F2": 42827.022,
      "F2m": 0.0,
      "FP": 611.73,
      "latency_us": 443.7250580000034
    },
    "6dB": {
      "F2": 35938.098,
      "F2m": 0.0,
      "FP": 463.68,
      "latency_us": 439.19025399999936
    }
  },
  "LLOSD(3)": {
    "4dB": {
      "F2": 0.0,
      "F2m": 47231.952,
      "FP": 551.376,
      "latency_us": 842.5544400000011
    },
    "5dB": {
      "F2": 0.0,
      "F2m": 11985.432,
      "FP": 463.806,
      "latency_us": 44.27222800000233
    },
    "6dB": {
      "F2": 0.0,
      "F2m": 3051.216,
      "FP": 444.276,
      "latency_us": 34.11982000000745
    }
  },
  "LLOSD-B(3)": {
    "4dB": {
      "F2": 274051.584,
      "F2m": 1556.688,
      "FP": 551.376,
      "latency_us": 83.37766400000612
    },
    "5dB": {
      "F2": 62584.416,
      "F2m": 1554.696,
      "FP": 463.806,
      "latency_us": 43.8533259999994
    },
    "6dB": {
      "F2": 8982.216,
      "F2m": 1554.18,
      "FP": 444.276,
      "latency_us": 33.83655999999211
    }
  }
}