{
  "LLOSD-B(3)": {
    "4dB": {
      "F2": 274051.584,
      "F2m": 1556.688,
      "FP": 551.376,
      "latency_us": 82.44639199999996
    },
    "5dB": {
      "F2": 62584.416,
      "F2m": 1554.696,
      "FP": 463.806,
      "latency_us": 43.821066000000855
    },
    "6dB": {
      "F2": 8982.216,
      "F2m": 1554.18,
      "FP": 444.276,
      "latency_us": 33.92540999999884
    }
  },
  "SLLOSD-B(3,2)": {
    "4dB": {
      "F2": 34934.4,
      "F2m": 1556.688,
      "FP": 454.23,
      "latency_us": 51.55482799999555
    },
    "5dB": {
      "F2": 8082.288,
      "F2m": 1554.696,
      "FP": 443.646,
      "latency_us": 35.80511399999731
    },
    "6dB": {
      "F2": 1153.296,
      "F2m": 1554.18,
      "FP": 441.504,
      "latency_us": 33.12167000000388
    }
  },
  "YSVL OSD(1)": {
    "4dB": {
      "F2": 66857.364,
      "F2m": 0.0,
      "FP": 1555.294,
      "latency_us": 475.5575220000027
    },
    "5dB": {
      "F2": 42827.022,
      "F2m": 0.0,
      "FP": 1011.73,
      "latency_us": 446.9048380000055
    },
    "6dB": {
      "F2": 35938.098,
      "F2m": 0.0,
      "FP": 863.68,
      "latency_us": 446.78118799999504
    }
  },
  "CJ OSD(1)": {
    "4dB": {
      "F2": 20056.772,
      "F2m": 0.0,
      "FP": 1155.294,
      "latency_us": 494.61225600000796
    },
    "5dB": {
      "F2": 12847.652,
      "F2m": 0.0,
      "FP": 611.73,
      "latency_us": 446.6636219999954
    },
    "6dB": {
      "F2": 10780.968,
      "F2m": 0.0,
      "FP": 463.68,
      "latency_us": 434.22278800000055
    }
  }
}