{
  "OSD(1)": {
    "4dB": {
      "F2": 11339439.45,
      "F2m": 0.0,
      "FP": 45504.75,
      "latency_us": 10359.353739999955
    },
    "5dB": {
      "F2": 4230781.5,
      "F2m": 0.0,
      "FP": 13668.0,
      "latency_us": 7537.609239999911
    },
    "6dB": {
      "F2": 1843560.75,
      "F2m": 0.0,
      "FP": 2863.65,
      "latency_us": 6609.440029999973
    }
  },
  "LLOSD(2)": {
    "4dB": {
      "F2": 1491356.8,
      "F2m": 8541.28,
      "FP": 2221.05,
      "latency_us": 276.90499999996734
    },
    "5dB": {
      "F2": 394874.88,
      "F2m": 8530.48,
      "FP": 2284.8,
      "latency_us": 165.01754000005423
    },
    "6dB": {
      "F2": 21229.44,
      "F2m": 8526.96,
      "FP": 2295.0,
      "latency_us": 128.2333700000393
    }
  },
  "PLCC(8)": {
    "4dB": {
      "F2": 0.0,
      "F2m": 1562608.0,
      "FP": 11719.8,
      "latency_us": 147836.13545999996
    },
    "5dB": {
      "F2": 0.0,
      "F2m": 402010.88,
      "FP": 5564.1,
      "latency_us": 37162.91498999985
    },
    "6dB": {
      "F2": 0.0,
      "F2m": 28854.4,
      "FP": 2407.2,
      "latency_us": 2290.2750200001155
    }
  },
  "HSD(1,8)": {
    "4dB": {
      "F2": 13724.8,
      "F2m": 10905.04,
      "FP": 2725.95,
      "latency_us": 25535.361350000116
    },
    "5dB": {
      "F2": 6011.52,
      "F2m": 9200.8,
      "FP": 2608.65,
      "latency_us": 7348.648389999789
    },
    "6dB": {
      "F2": 1785.6,
      "F2m": 8526.96,
      "FP": 2547.45,
      "latency_us": 136.70119999996894
    }
  }
}