{
  "ebn0_db": [
    6.0,
    6.5,
    7.0,
    7.5,
    8.0,
    8.5,
    9.0,
    9.5
  ],
  "kpi_case_a": [
    16.013956888449325,
    16.010178784962232,
    14.80970681859343,
    13.028624594674266,
    11.636112876218798,
    11.197209460346386,
    11.56329365047621,
    12.847617039664335
  ],
  "kpi_case_b": [
    4.170374418377507e-05,
    0.00015433739526498125,
    -0.070694075691513,
    -0.17566408886034018,
    -0.2565490932411688,
    -0.2762578711875614,
    -0.25216822258840865,
    -0.202437525009194
  ],
  "rs_bm_ops": [
    6511.48,
    6514.53,
    6515.42,
    6513.28,
    6500.91,
    6475.45,
    6250.39,
    5659.309090909091
  ],
  "rs_lccbr_ops": [
    110781.42,
    110796.22,
    110842.81,
    110843.6,
    110493.15,
    109130.61,
    105004.21,
    98259.31818181818
  ],
  "cascade_a_ops": [
    110786.04,
    110813.32,
    103006.88,
    91372.36,
    82146.23255813954,
    78982.42,
    78525.485,
    78367.945
  ]
}