{
  "pure_rs_bm": {
    "ebn0_db": [
      6.0,
      6.5,
      7.0,
      7.5,
      8.0,
      8.5,
      9.0,
      9.5
    ],
    "ser": [
      0.17693617021276595,
      0.14114893617021276,
      0.1056595744680851,
      0.07791489361702128,
      0.04931914893617021,
      0.018212765957446808,
      0.004056239890506408,
      0.0
    ],
    "ber": [
      0.02374468085106383,
      0.018595744680851064,
      0.013882978723404256,
      0.010047872340425533,
      0.00626595744680851,
      0.0023297872340425534,
      0.000510140599726266,
      0.0
    ],
    "fer": [
      1.0,
      1.0,
      1.0,
      1.0,
      0.8,
      0.36,
      0.08771929824561403,
      0.0
    ],
    "n_frames": [
      100,
      100,
      100,
      100,
      100,
      100,
      171,
      200
    ],
    "n_frame_errors": [
      100,
      100,
      100,
      100,
      80,
      36,
      15,
      0
    ],
    "avg_f2m_ops": [
      8119.62,
      8124.27,
      8115.6,
      8119.81,
      8124.56,
      7983.99,
      7310.479532163743,
      6660.085
    ],
    "avg_latency_us": [
      972.8274699996576,
      992.5474199994258,
      974.4337499986955,
      983.1854700001941,
      1013.8462800003367,
      1042.2999800003654,
      1033.1915555551077,
      989.4814400003323
    ]
  },
  "pure_rs_lccbr": {
    "ebn0_db": [
      6.0,
      6.5,
      7.0,
      7.5,
      8.0,
      8.5,
      9.0,
      9.5
    ],
    "ser": [
      0.17693617021276595,
      0.14114893617021276,
      0.1056595744680851,
      0.07791489361702128,
      0.04931914893617021,
      0.018212765957446808,
      0.004056239890506408,
      0.0
    ],
    "ber": [
      0.02374468085106383,
      0.018595744680851064,
      0.013882978723404256,
      0.010047872340425533,
      0.00626595744680851,
      0.0023297872340425534,
      0.000510140599726266,
      0.0
    ],
    "fer": [
      1.0,
      1.0,
      1.0,
      1.0,
      0.8,
      0.36,
      0.08771929824561403,
      0.0
    ],
    "n_frames": [
      100,
      100,
      100,
      100,
      100,
      100,
      171,
      200
    ],
    "n_frame_errors": [
      100,
      100,
      100,
      100,
      80,
      36,
      15,
      0
    ],
    "avg_f2m_ops": [
      138103.19,
      138138.24,
      138112.38,
      138132.27,
      136643.49,
      132525.15,
      124464.57309941521,
      116014.105
    ],
    "avg_latency_us": [
      12224.862949999531,
      12216.900860000369,
      12287.407409999958,
      12217.938729999682,
      12199.248800000083,
      12309.29998000036,
      12505.263403508945,
      12200.038335000869
    ]
  },
  "scheme_a": {
    "ebn0_db": [
      6.0,
      6.5,
      7.0,
      7.5,
      8.0,
      8.5,
      9.0,
      9.5,
      10.0
    ],
    "ser": [
      0.6367234042553191,
      0.4848085106382979,
      0.35395744680851066,
      0.20642553191489363,
      0.0922127659574468,
      0.02748936170212766,
      0.01451063829787234,
      0.0019574468085106385,
      0.0
    ],
    "ber": [
      0.3047872340425532,
      0.2320904255319149,
      0.16955851063829788,
      0.09903723404255318,
      0.04365425531914894,
      0.013313829787234043,
      0.006952127659574468,
      0.0009361702127659575,
      0.0
    ],
    "fer": [
      1.0,
      1.0,
      1.0,
      0.95,
      0.69,
      0.24,
      0.16,
      0.02666666666666667,
      0.0
    ],
    "n_frames": [
      100,
      100,
      100,
      100,
      100,
      100,
      100,
      150,
      150
    ],
    "n_frame_errors": [
      100,
      100,
      100,
      95,
      69,
      24,
      16,
      4,
      0
    ],
    "avg_f2m_ops": [
      138132.0,
      138169.21,
      138083.27,
      136770.93,
      125660.83,
      107265.08,
      102899.31,
      96072.68,
      94959.61333333333
    ],
    "avg_latency_us": [
      14775.477480000207,
      14396.670050000183,
      14451.880770000827,
      14400.52875000063,
      13839.912839999899,
      13043.28740000031,
      12911.055500000124,
      12576.559420000807,
      12576.069186666336
    ]
  },
  "scheme_b": {
    "ebn0_db": [
      6.0,
      6.5,
      7.0,
      7.5,
      8.0,
      8.5,
      9.0,
      9.5,
      10.0
    ],
    "ser": [
      0.6367234042553191,
      0.4848085106382979,
      0.35395744680851066,
      0.20642553191489363,
      0.0922127659574468,
      0.02748936170212766,
      0.01451063829787234,
      0.0019574468085106385,
      0.0
    ],
    "ber": [
      0.3047872340425532,
      0.2320904255319149,
      0.16955851063829788,
      0.09903723404255318,
      0.04365425531914894,
      0.013313829787234043,
      0.006952127659574468,
      0.0009361702127659575,
      0.0
    ],
    "fer": [
      1.0,
      1.0,
      1.0,
      0.95,
      0.69,
      0.24,
      0.16,
      0.02666666666666667,
      0.0
    ],
    "n_frames": [
      100,
      100,
      100,
      100,
      100,
      100,
      100,
      150,
      150
    ],
    "n_frame_errors": [
      100,
      100,
      100,
      95,
      69,
      24,
      16,
      4,
      0
    ],
    "avg_f2m_ops": [
      133177.0,
      133214.21,
      133128.27,
      131815.93,
      120705.83,
      102310.08,
      97944.31,
      91117.68,
      90004.61333333333
    ],
    "avg_latency_us": [
      14717.029150000082,
      14582.085850000654,
      14522.59002000061,
      14338.737040000644,
      13844.561340000606,
      13196.348299998697,
      12760.887929999571,
      12526.207206666604,
      12399.446913334674
    ]
  }
}