{
  "pure_rs_bm": {
    "ebn0_db": [
      6.0,
      6.5,
      7.0,
      7.5,
      8.0,
      8.5,
      9.0,
      9.5,
      10.0,
      10.5
    ],
    "ser": [
      0.18276150627615062,
      0.14497907949790795,
      0.10920502092050209,
      0.08464435146443515,
      0.05774058577405858,
      0.03376569037656904,
      0.013096234309623431,
      0.0016736401673640166,
      9.414225941422595e-05,
      0.0
    ],
    "ber": [
      0.024581589958158997,
      0.019236401673640168,
      0.014325313807531381,
      0.010904811715481171,
      0.007379707112970711,
      0.004309623430962343,
      0.0016579497907949791,
      0.00020920502092050208,
      1.1767782426778243e-05,
      0.0
    ],
    "fer": [
      1.0,
      1.0,
      1.0,
      1.0,
      0.95,
      0.74,
      0.32,
      0.045454545454545456,
      0.0025,
      0.0
    ],
    "n_frames": [
      100,
      100,
      100,
      100,
      100,
      100,
      100,
      330,
      400,
      400
    ],
    "n_frame_errors": [
      100,
      100,
      100,
      100,
      95,
      74,
      32,
      15,
      1,
      0
    ],
    "avg_f2m_ops": [
      6511.48,
      6514.53,
      6515.42,
      6513.28,
      6500.91,
      6475.45,
      6250.39,
      5659.309090909091,
      5098.4625,
      4686.685
    ],
    "avg_latency_us": [
      990.2654300000012,
      1080.7787500000093,
      962.6704000000119,
      959.2845700000211,
      1002.976740000006,
      984.3113400000104,
      998.730410000022,
      976.7354696969521,
      908.8565425000421,
      792.6997074999949
    ]
  },
  "pure_rs_lccbr": {
    "ebn0_db": [
      6.0,
      6.5,
      7.0,
      7.5,
      8.0,
      8.5,
      9.0,
      9.5,
      10.0,
      10.5
    ],
    "ser": [
      0.18276150627615062,
      0.14497907949790795,
      0.10920502092050209,
      0.08464435146443515,
      0.05774058577405858,
      0.03376569037656904,
      0.013096234309623431,
      0.0016736401673640166,
      9.414225941422595e-05,
      0.0
    ],
    "ber": [
      0.024581589958158997,
      0.019236401673640168,
      0.014325313807531381,
      0.010904811715481171,
      0.007379707112970711,
      0.004309623430962343,
      0.0016579497907949791,
      0.00020920502092050208,
      1.1767782426778243e-05,
      0.0
    ],
    "fer": [
      1.0,
      1.0,
      1.0,
      1.0,
      0.95,
      0.74,
      0.32,
      0.045454545454545456,
      0.0025,
      0.0
    ],
    "n_frames": [
      100,
      100,
      100,
      100,
      100,
      100,
      100,
      330,
      400,
      400
    ],
    "n_frame_errors": [
      100,
      100,
      100,
      100,
      95,
      74,
      32,
      15,
      1,
      0
    ],
    "avg_f2m_ops": [
      110781.42,
      110796.22,
      110842.81,
      110843.6,
      110493.15,
      109130.61,
      105004.21,
      98259.31818181818,
      91098.8175,
      85425.1875
    ],
    "avg_latency_us": [
      11288.269569999957,
      11376.951700000078,
      11355.067490000167,
      11324.44458000012,
      11553.85295000016,
      11250.05006000009,
      11312.159210000022,
      11318.671336363717,
      11096.967477500348,
      10647.291385000195
    ]
  },
  "scheme_a": {
    "ebn0_db": [
      6.0,
      6.5,
      7.0,
      7.5,
      8.0,
      8.5,
      9.0,
      9.5
    ],
    "ser": [
      0.48581589958158994,
      0.2771129707112971,
      0.12723849372384938,
      0.04179916317991632,
      0.010054814958969868,
      0.0019246861924686193,
      0.00029288702928870295,
      0.0
    ],
    "ber": [
      0.24469665271966526,
      0.13928347280334727,
      0.06415271966527197,
      0.020993723849372384,
      0.004982809509908858,
      0.0009414225941422594,
      0.00014644351464435147,
      0.0
    ],
    "fer": [
      1.0,
      1.0,
      0.76,
      0.4,
      0.11627906976744186,
      0.02,
      0.005,
      0.0
    ],
    "n_frames": [
      100,
      100,
      100,
      100,
      129,
      200,
      200,
      200
    ],
    "n_frame_errors": [
      100,
      100,
      76,
      40,
      15,
      4,
      1,
      0
    ],
    "avg_f2m_ops": [
      110786.04,
      110813.32,
      103006.88,
      91372.36,
      82146.23255813954,
      78982.42,
      78525.485,
      78367.945
    ],
    "avg_latency_us": [
      20975.6850699997,
      16284.990389999983,
      15578.526700000448,
      14221.465429999824,
      13244.948992248132,
      12586.361245000113,
      12470.247725000048,
      12159.985574999617
    ]
  }
}