{
  "pure_rs_bm": {
    "ebn0_db": [
      6.0,
      6.5,
      7.0,
      7.5,
      8.0,
      8.5,
      9.0,
      9.5,
      10.0,
      10.5
    ],
    "ser": [
      0.18276150627615062,
      0.14497907949790795,
      0.10920502092050209,
      0.08464435146443515,
      0.05774058577405858,
      0.03376569037656904,
      0.013096234309623431,
      0.001799163179916318,
      0.0001882845188284519,
      0.0
    ],
    "ber": [
      0.024581589958158997,
      0.019236401673640168,
      0.014325313807531381,
      0.010904811715481171,
      0.007379707112970711,
      0.004309623430962343,
      0.0016579497907949791,
      0.00022489539748953976,
      2.3535564853556487e-05,
      0.0
    ],
    "fer": [
      1.0,
      1.0,
      1.0,
      1.0,
      0.95,
      0.74,
      0.32,
      0.05,
      0.005,
      0.0
    ],
    "n_frames": [
      100,
      100,
      100,
      100,
      100,
      100,
      100,
      200,
      200,
      200
    ],
    "n_frame_errors": [
      100,
      100,
      100,
      100,
      95,
      74,
      32,
      10,
      1,
      0
    ],
    "avg_f2m_ops": [
      6511.48,
      6514.53,
      6515.42,
      6513.28,
      6500.91,
      6475.45,
      6250.39,
      5654.195,
      5086.125,
      4699.045
    ],
    "avg_latency_us": [
      963.5145999999959,
      969.1286999999949,
      965.9378999999955,
      956.699170000004,
      963.2086999999738,
      983.3012500000304,
      999.2296000000516,
      976.2293999999725,
      904.6931650000059,
      788.0645799999712
    ]
  },
  "pure_rs_lccbr": {
    "ebn0_db": [
      6.0,
      6.5,
      7.0,
      7.5,
      8.0,
      8.5,
      9.0,
      9.5,
      10.0,
      10.5
    ],
    "ser": [
      0.18276150627615062,
      0.14497907949790795,
      0.10920502092050209,
      0.08464435146443515,
      0.05774058577405858,
      0.03376569037656904,
      0.013096234309623431,
      0.001799163179916318,
      0.0001882845188284519,
      0.0
    ],
    "ber": [
      0.024581589958158997,
      0.019236401673640168,
      0.014325313807531381,
      0.010904811715481171,
      0.007379707112970711,
      0.004309623430962343,
      0.0016579497907949791,
      0.00022489539748953976,
      2.3535564853556487e-05,
      0.0
    ],
    "fer": [
      1.0,
      1.0,
      1.0,
      1.0,
      0.95,
      0.74,
      0.32,
      0.05,
      0.005,
      0.0
    ],
    "n_frames": [
      100,
      100,
      100,
      100,
      100,
      100,
      100,
      200,
      200,
      200
    ],
    "n_frame_errors": [
      100,
      100,
      100,
      100,
      95,
      74,
      32,
      10,
      1,
      0
    ],
    "avg_f2m_ops": [
      110781.42,
      110796.22,
      110842.81,
      110843.6,
      110493.15,
      109130.61,
      105004.21,
      98210.725,
      90961.0,
      85619.835
    ],
    "avg_latency_us": [
      11275.02873999998,
      11375.244989999994,
      11294.334600000013,
      11310.866209999822,
      11281.990009999867,
      11277.898759999802,
      11273.78666999987,
      11291.602454999964,
      10936.977335000063,
      10586.080404999873
    ]
  },
  "scheme_a": {
    "ebn0_db": [
      6.0,
      6.5,
      7.0,
      7.5,
      8.0,
      8.5,
      9.0,
      9.5
    ],
    "ser": [
      0.48581589958158994,
      0.2771129707112971,
      0.12723849372384938,
      0.04179916317991632,
      0.010054814958969868,
      0.0012552301255230125,
      0.0003905160390516039,
      0.0
    ],
    "ber": [
      0.24469665271966526,
      0.13928347280334727,
      0.06415271966527197,
      0.020993723849372384,
      0.004982809509908858,
      0.0006485355648535565,
      0.00019525801952580195,
      0.0
    ],
    "fer": [
      1.0,
      1.0,
      0.76,
      0.4,
      0.11627906976744186,
      0.013333333333333334,
      0.006666666666666667,
      0.0
    ],
    "n_frames": [
      100,
      100,
      100,
      100,
      129,
      150,
      150,
      150
    ],
    "n_frame_errors": [
      100,
      100,
      76,
      40,
      15,
      2,
      1,
      0
    ],
    "avg_f2m_ops": [
      110786.04,
      110813.32,
      103006.88,
      91372.36,
      82146.23255813954,
      78757.65333333334,
      78570.78,
      78392.79333333333
    ],
    "avg_latency_us": [
      20062.71287000014,
      16076.567100000224,
      15317.285339999955,
      14072.9033299997,
      13090.401837209283,
      12472.98754000018,
      12213.466886666805,
      12051.490833333582
    ]
  },
  "scheme_b": {
    "ebn0_db": [
      6.0,
      6.5,
      7.0,
      7.5,
      8.0,
      8.5,
      9.0,
      9.5
    ],
    "ser": [
      0.48581589958158994,
      0.2771129707112971,
      0.12723849372384938,
      0.04179916317991632,
      0.010054814958969868,
      0.0012552301255230125,
      0.0003905160390516039,
      0.0
    ],
    "ber": [
      0.24469665271966526,
      0.13928347280334727,
      0.06415271966527197,
      0.020993723849372384,
      0.004982809509908858,
      0.0006485355648535565,
      0.00019525801952580195,
      0.0
    ],
    "fer": [
      1.0,
      1.0,
      0.76,
      0.4,
      0.11627906976744186,
      0.013333333333333334,
      0.006666666666666667,
      0.0
    ],
    "n_frames": [
      100,
      100,
      100,
      100,
      129,
      150,
      150,
      150
    ],
    "n_frame_errors": [
      100,
      100,
      76,
      40,
      15,
      2,
      1,
      0
    ],
    "avg_f2m_ops": [
      106707.04,
      106734.32,
      98927.88,
      87293.36,
      78067.23255813954,
      74678.65333333334,
      74491.78,
      74313.79333333333
    ],
    "avg_latency_us": [
      16674.576300000077,
      16198.516210000236,
      15363.421240000082,
      14155.657060000305,
      13110.772302326048,
      12474.119160000271,
      12234.76248000007,
      12058.607173333554
    ]
  }
}