{
  "pure_rs_bm": {
    "ebn0_db": [
      4.0,
      4.5,
      5.0,
      5.5,
      6.0,
      6.5,
      7.0,
      7.5,
      8.0
    ],
    "ser": [
      0.2736842105263158,
      0.24649122807017543,
      0.20087719298245615,
      0.16035087719298247,
      0.13210526315789473,
      0.1143859649122807,
      0.07543859649122807,
      0.03982456140350877,
      0.024035087719298246
    ],
    "ber": [
      0.0533625730994152,
      0.04748538011695906,
      0.038538011695906434,
      0.029883040935672515,
      0.024619883040935674,
      0.02304093567251462,
      0.015029239766081871,
      0.008099415204678363,
      0.0044736842105263155
    ],
    "fer": [
      1.0,
      1.0,
      1.0,
      0.98,
      1.0,
      0.95,
      0.74,
      0.46,
      0.3
    ],
    "n_frames": [
      100,
      100,
      100,
      100,
      100,
      100,
      100,
      100,
      100
    ],
    "n_frame_errors": [
      100,
      100,
      100,
      98,
      100,
      95,
      74,
      46,
      30
    ],
    "avg_f2m_ops": [
      660.26,
      660.89,
      660.26,
      658.94,
      655.7,
      659.84,
      657.46,
      634.52,
      607.92
    ],
    "avg_latency_us": [
      381.7941100000078,
      378.3911899999948,
      379.0342000000012,
      380.22418000001045,
      381.0795000000078,
      382.1033500000069,
      382.6533300000023,
      374.68503999999564,
      361.080410000001
    ]
  },
  "pure_rs_lccbr": {
    "ebn0_db": [
      4.0,
      4.5,
      5.0,
      5.5,
      6.0,
      6.5,
      7.0,
      7.5,
      8.0
    ],
    "ser": [
      0.303859649122807,
      0.2789473684210526,
      0.23614035087719298,
      0.1956140350877193,
      0.17508771929824563,
      0.14666666666666667,
      0.1031578947368421,
      0.054385964912280704,
      0.03192982456140351
    ],
    "ber": [
      0.06771929824561404,
      0.06257309941520468,
      0.054093567251461985,
      0.044824561403508774,
      0.04201754385964912,
      0.03657894736842105,
      0.026988304093567252,
      0.014093567251461988,
      0.007426900584795322
    ],
    "fer": [
      1.0,
      1.0,
      1.0,
      0.98,
      1.0,
      0.94,
      0.73,
      0.47,
      0.3
    ],
    "n_frames": [
      100,
      100,
      100,
      100,
      100,
      100,
      100,
      100,
      100
    ],
    "n_frame_errors": [
      100,
      100,
      100,
      98,
      100,
      94,
      73,
      47,
      30
    ],
    "avg_f2m_ops": [
      5450.56,
      5450.19,
      5463.59,
      5487.43,
      5447.66,
      5426.38,
      5392.54,
      5361.23,
      5279.05
    ],
    "avg_latency_us": [
      2622.0633600000024,
      2621.777429999974,
      2580.9500300000113,
      2604.9783599999946,
      2600.9141000000145,
      2584.6541499999885,
      2591.985409999959,
      2569.23962999994,
      2544.6899600000434
    ]
  },
  "scheme_a": {
    "ebn0_db": [
      4.0,
      4.5,
      5.0,
      5.5,
      6.0,
      6.5,
      7.0,
      7.5,
      8.0
    ],
    "ser": [
      0.37087719298245614,
      0.2673684210526316,
      0.1773684210526316,
      0.11228070175438597,
      0.06333333333333334,
      0.02507531454899876,
      0.012271114945834532,
      0.004664228547198813,
      0.001742690058479532
    ],
    "ber": [
      0.17269005847953217,
      0.12646198830409358,
      0.08181286549707602,
      0.05251461988304094,
      0.029298245614035087,
      0.012316143895091263,
      0.005847953216374269,
      0.0021907740145933816,
      0.0007602339181286549
    ],
    "fer": [
      1.0,
      0.93,
      0.78,
      0.63,
      0.36,
      0.15151515151515152,
      0.08196721311475409,
      0.030211480362537766,
      0.012666666666666666
    ],
    "n_frames": [
      100,
      100,
      100,
      100,
      100,
      198,
      366,
      993,
      1500
    ],
    "n_frame_errors": [
      100,
      93,
      78,
      63,
      36,
      30,
      30,
      30,
      19
    ],
    "avg_f2m_ops": [
      5445.2,
      5427.87,
      5336.2,
      5102.99,
      4833.16,
      4588.555555555556,
      4500.363387978142,
      4427.957703927493,
      4411.937333333333
    ],
    "avg_latency_us": [
      7123.518760000048,
      3300.694140000023,
      3238.179550000026,
      3248.8275200000417,
      2984.7358500000537,
      2891.5296767675854,
      2839.6669125682247,
      2804.7164954683117,
      2775.501037333327
    ]
  },
  "scheme_b": {
    "ebn0_db": [
      4.0,
      4.5,
      5.0,
      5.5,
      6.0,
      6.5,
      7.0,
      7.5,
      8.0
    ],
    "ser": [
      0.37087719298245614,
      0.2673684210526316,
      0.1773684210526316,
      0.11228070175438597,
      0.06333333333333334,
      0.02507531454899876,
      0.012271114945834532,
      0.004664228547198813,
      0.001742690058479532
    ],
    "ber": [
      0.17269005847953217,
      0.12646198830409358,
      0.08181286549707602,
      0.05251461988304094,
      0.029298245614035087,
      0.012316143895091263,
      0.005847953216374269,
      0.0021907740145933816,
      0.0007602339181286549
    ],
    "fer": [
      1.0,
      0.93,
      0.78,
      0.63,
      0.36,
      0.15151515151515152,
      0.08196721311475409,
      0.030211480362537766,
      0.012666666666666666
    ],
    "n_frames": [
      100,
      100,
      100,
      100,
      100,
      198,
      366,
      993,
      1500
    ],
    "n_frame_errors": [
      100,
      93,
      78,
      63,
      36,
      30,
      30,
      30,
      19
    ],
    "avg_f2m_ops": [
      5040.2,
      5022.87,
      4931.2,
      4697.99,
      4428.16,
      4183.555555555556,
      4095.363387978142,
      4022.9577039274923,
      4006.9373333333333
    ],
    "avg_latency_us": [
      3339.8645799998408,
      3298.4429400000795,
      3224.557859999741,
      3115.7529599999016,
      3009.113780000021,
      2890.001727272466,
      2848.2323196722223,
      2801.132193353533,
      2792.43191733338
    ]
  }
}