{
  "results": {
    "pure_rs": {
      "ebn0_db": [
        5.0,
        5.5,
        6.0,
        6.5,
        7.0,
        7.5,
        8.0,
        8.5,
        9.0,
        9.5
      ],
      "ser": [
        0.214070796460177,
        0.17628318584070796,
        0.1413274336283186,
        0.11584070796460177,
        0.0811504424778761,
        0.04053097345132743,
        0.018584070796460177,
        0.002983915469353553,
        0.00015486725663716813,
        0.0
      ],
      "ber": [
        0.03332490518331226,
        0.02700379266750948,
        0.021352718078381794,
        0.017345132743362832,
        0.011972187104930468,
        0.005903919089759797,
        0.002680151706700379,
        0.0004291933209344152,
        2.2123893805309735e-05,
        0.0
      ],
      "fer": [
        1.0,
        1.0,
        1.0,
        1.0,
        0.9,
        0.52,
        0.25,
        0.046189376443418015,
        0.0025,
        0.0
      ],
      "n_frames": [
        100,
        100,
        100,
        100,
        100,
        100,
        100,
        433,
        800,
        800
      ],
      "n_frame_errors": [
        100,
        100,
        100,
        100,
        90,
        52,
        25,
        20,
        2,
        0
      ],
      "avg_f2m_ops": [
        2905.67,
        2907.0,
        2909.48,
        2905.52,
        2910.3,
        2875.99,
        2721.04,
        2508.272517321016,
        2290.09625,
        2126.47
      ]
    },
    "cascade_conv": {
      "ebn0_db": [
        5.0,
        5.5,
        6.0,
        6.5,
        7.0,
        7.5,
        8.0,
        8.5
      ],
      "ser": [
        0.1786725663716814,
        0.11867256637168141,
        0.05743362831858407,
        0.02247787610619469,
        0.005321898853510932,
        0.001415929203539823,
        0.00017699115044247788,
        0.0
      ],
      "ber": [
        0.028015170670037927,
        0.01859671302149178,
        0.009102402022756004,
        0.0035145385587863464,
        0.0008124041515155465,
        0.00021175726927939316,
        3.1605562579013905e-05,
        0.0
      ],
      "fer": [
        0.99,
        0.9,
        0.56,
        0.26,
        0.06872852233676977,
        0.0175,
        0.0025,
        0.0
      ],
      "n_frames": [
        100,
        100,
        100,
        100,
        291,
        400,
        400,
        400
      ],
      "n_frame_errors": [
        99,
        90,
        56,
        26,
        20,
        7,
        1,
        0
      ],
      "avg_f2m_ops": [
        6376.78,
        6138.68,
        5721.98,
        5288.1,
        4748.099656357388,
        4281.47,
        4022.46,
        3911.7175
      ]
    },
    "cascade_direct": {
      "ebn0_db": [
        5.0,
        5.5,
        6.0,
        6.5,
        7.0,
        7.5,
        8.0,
        8.5
      ],
      "ser": [
        0.1786725663716814,
        0.11867256637168141,
        0.05743362831858407,
        0.02247787610619469,
        0.005321898853510932,
        0.001415929203539823,
        0.00017699115044247788,
        0.0
      ],
      "ber": [
        0.028015170670037927,
        0.01859671302149178,
        0.009102402022756004,
        0.0035145385587863464,
        0.0008124041515155465,
        0.00021175726927939316,
        3.1605562579013905e-05,
        0.0
      ],
      "fer": [
        0.99,
        0.9,
        0.56,
        0.26,
        0.06872852233676977,
        0.0175,
        0.0025,
        0.0
      ],
      "n_frames": [
        100,
        100,
        100,
        100,
        291,
        400,
        400,
        400
      ],
      "n_frame_errors": [
        99,
        90,
        56,
        26,
        20,
        7,
        1,
        0
      ],
      "avg_f2m_ops": [
        4972.98,
        4951.06,
        4819.72,
        4576.53,
        4310.233676975945,
        4027.34,
        3890.5675,
        3852.1575
      ]
    }
  },
  "latency": {
    "pure_rs": 17,
    "conv_no_share": 25,
    "direct_no_share": 20,
    "conv_lagrange": 24,
    "direct_lagrange": 19,
    "kpi_target": 18
  },
  "config": {
    "m": 7,
    "k_rs": 113,
    "n_rs": 127,
    "t_rs": 7
  }
}