{
  "results": {
    "pure_rs": {
      "ebn0_db": [
        6.0,
        6.5,
        7.0,
        7.5,
        8.0,
        8.5,
        9.0,
        9.5,
        10.0,
        10.5
      ],
      "ser": [
        0.18276150627615062,
        0.14497907949790795,
        0.10920502092050209,
        0.08464435146443515,
        0.05774058577405858,
        0.03376569037656904,
        0.013096234309623431,
        0.0015757144128905902,
        4.7071129707112974e-05,
        0.0
      ],
      "ber": [
        0.024581589958158997,
        0.019236401673640168,
        0.014325313807531381,
        0.010904811715481171,
        0.007379707112970711,
        0.004309623430962343,
        0.0016579497907949791,
        0.00019807709427579454,
        5.883891213389122e-06,
        0.0
      ],
      "fer": [
        1.0,
        1.0,
        1.0,
        1.0,
        0.95,
        0.74,
        0.32,
        0.0425531914893617,
        0.00125,
        0.0
      ],
      "n_frames": [
        100,
        100,
        100,
        100,
        100,
        100,
        100,
        470,
        800,
        800
      ],
      "n_frame_errors": [
        100,
        100,
        100,
        100,
        95,
        74,
        32,
        20,
        1,
        0
      ],
      "avg_f2m_ops": [
        6511.48,
        6514.53,
        6515.42,
        6513.28,
        6500.91,
        6475.45,
        6250.39,
        5634.710638297873,
        5106.55875,
        4702.9925
      ]
    },
    "cascade_conv": {
      "ebn0_db": [
        6.0,
        6.5,
        7.0,
        7.5,
        8.0,
        8.5,
        9.0,
        9.5
      ],
      "ser": [
        0.15564853556485356,
        0.1094142259414226,
        0.07029288702928871,
        0.035313807531380755,
        0.008652557175935329,
        0.0011924686192468618,
        7.322175732217574e-05,
        0.0
      ],
      "ber": [
        0.021056485355648535,
        0.014476987447698745,
        0.009304393305439331,
        0.004654811715481172,
        0.0011171141893813218,
        0.00015559623430962344,
        9.152719665271967e-06,
        0.0
      ],
      "fer": [
        1.0,
        1.0,
        0.91,
        0.64,
        0.1941747572815534,
        0.03,
        0.0025,
        0.0
      ],
      "n_frames": [
        100,
        100,
        100,
        100,
        103,
        400,
        400,
        400
      ],
      "n_frame_errors": [
        100,
        100,
        91,
        64,
        20,
        12,
        1,
        0
      ],
      "avg_f2m_ops": [
        14623.22,
        14278.57,
        13756.24,
        12907.85,
        11205.669902912621,
        10063.8675,
        9258.1475,
        8825.9025
      ]
    },
    "cascade_direct": {
      "ebn0_db": [
        6.0,
        6.5,
        7.0,
        7.5,
        8.0,
        8.5,
        9.0,
        9.5
      ],
      "ser": [
        0.15564853556485356,
        0.1094142259414226,
        0.07029288702928871,
        0.035313807531380755,
        0.008652557175935329,
        0.0011924686192468618,
        7.322175732217574e-05,
        0.0
      ],
      "ber": [
        0.021056485355648535,
        0.014476987447698745,
        0.009304393305439331,
        0.004654811715481172,
        0.0011171141893813218,
        0.00015559623430962344,
        9.152719665271967e-06,
        0.0
      ],
      "fer": [
        1.0,
        1.0,
        0.91,
        0.64,
        0.1941747572815534,
        0.03,
        0.0025,
        0.0
      ],
      "n_frames": [
        100,
        100,
        100,
        100,
        103,
        400,
        400,
        400
      ],
      "n_frame_errors": [
        100,
        100,
        91,
        64,
        20,
        12,
        1,
        0
      ],
      "avg_f2m_ops": [
        11141.6,
        11139.97,
        11110.6,
        10896.11,
        10015.73786407767,
        9348.765,
        8924.52,
        8697.1025
      ]
    }
  },
  "latency": {
    "pure_rs": 19,
    "conv_no_share": 27,
    "direct_no_share": 22,
    "conv_lagrange": 26,
    "direct_lagrange": 21,
    "kpi_target": 20
  },
  "config": {
    "m": 8,
    "k_rs": 239,
    "n_rs": 255,
    "t_rs": 8
  }
}