{
  "OSD(1)": {
    "4dB": {
      "F2": 721107.905,
      "F2m": 0.0,
      "FP": 5665.47,
      "latency_us": 1907.6923500000255
    },
    "5dB": {
      "F2": 345845.13,
      "F2m": 0.0,
      "FP": 1879.6,
      "latency_us": 1677.1285700000046
    },
    "6dB": {
      "F2": 267742.035,
      "F2m": 0.0,
      "FP": 1078.865,
      "latency_us": 1614.8093700000004
    }
  },
  "LLOSD(3)": {
    "4dB": {
      "F2": 5512263.96,
      "F2m": 4180.84,
      "FP": 1019.175,
      "latency_us": 650.8341600000114
    },
    "5dB": {
      "F2": 945159.32,
      "F2m": 4176.04,
      "FP": 1016.0,
      "latency_us": 160.13499000000036
    },
    "6dB": {
      "F2": 78987.16,
      "F2m": 4174.4,
      "FP": 1016.0,
      "latency_us": 67.71684500003872
    }
  },
  "HSD(1,8)": {
    "4dB": {
      "F2": 3895.36,
      "F2m": 5991.28,
      "FP": 1219.2,
      "latency_us": 10265.689539999992
    },
    "5dB": {
      "F2": 1536.92,
      "F2m": 4620.28,
      "FP": 1167.13,
      "latency_us": 2542.501115000014
    },
    "6dB": {
      "F2": 351.96,
      "F2m": 4174.4,
      "FP": 1142.365,
      "latency_us": 66.11189499999621
    }
  },
  "HSD(1,6)": {
    "4dB": {
      "F2": 3895.36,
      "F2m": 4521.4,
      "FP": 1131.57,
      "latency_us": 1976.7037250000142
    },
    "5dB": {
      "F2": 1536.92,
      "F2m": 4273.6,
      "FP": 1142.365,
      "latency_us": 617.5441800000182
    },
    "6dB": {
      "F2": 351.96,
      "F2m": 4174.4,
      "FP": 1142.365,
      "latency_us": 67.07316000000407
    }
  }
}