{
  "ebn0_db": [
    1.0,
    2.0,
    3.0,
    4.0,
    5.0,
    6.0,
    7.0
  ],
  "BM": [
    0.805,
    0.675,
    0.345,
    0.11673151750972763,
    0.024115755627009645,
    0.0019,
    0.0001
  ],
  "OSD(1)": [
    0.43,
    0.19736842105263158,
    0.036518563603164945,
    0.003,
    0.0002,
    0.0,
    0.0
  ],
  "LLOSD(1)": [
    0.8,
    0.64,
    0.3,
    0.07380073800738007,
    0.011003117549972493,
    0.0006666666666666666,
    6.666666666666667e-05
  ],
  "LLOSD(2)": [
    0.59,
    0.405,
    0.10771992818671454,
    0.018226002430133656,
    0.0007333333333333333,
    0.0,
    0.0
  ],
  "LLOSD(3)": [
    0.415,
    0.23809523809523808,
    0.04415011037527594,
    0.0028,
    6.666666666666667e-05,
    0.0,
    0.0
  ],
  "ML": [
    0.4,
    0.18181818181818182,
    0.03416856492027335,
    0.0021,
    0.0,
    0.0,
    0.0
  ]
}