{
  "ebn0_db": [
    2.0,
    3.0,
    4.0,
    5.0,
    6.0,
    7.0,
    8.0,
    9.0,
    10.0
  ],
  "nbch_63_45_tau3": [
    7.72,
    7.075,
    6.13,
    5.41,
    5.11,
    5.21,
    5.04,
    5.02,
    5.19
  ],
  "nbch_31_21_tau2": [
    4.45,
    3.8925,
    3.385,
    3.11125,
    3.025,
    2.98375,
    2.99375,
    2.9925,
    2.91875
  ],
  "theoretical_63_45": 5.0,
  "theoretical_31_21": 3.0
}