{
  "ebn0_db": [
    2.0,
    2.5,
    3.0,
    3.5,
    4.0,
    4.5,
    5.0,
    5.5,
    6.0
  ],
  "n_tvs_63_39_eta4": [
    2.24,
    3.2,
    4.0,
    3.52,
    2.4,
    1.76,
    0.64,
    0.64,
    0.0
  ],
  "n_tvs_63_39_eta6": [
    8.96,
    12.8,
    16.0,
    14.08,
    9.6,
    7.04,
    2.56,
    2.56,
    0.0
  ],
  "n_tvs_255_223_eta4": [
    0.0,
    0.0,
    0.5333333333333333,
    0.5333333333333333,
    3.2,
    2.6666666666666665,
    1.6,
    1.0666666666666667,
    0.0
  ],
  "n_tvs_255_223_eta6": [
    0.0,
    0.0,
    2.1333333333333333,
    2.1333333333333333,
    12.8,
    10.666666666666666,
    6.4,
    4.266666666666667,
    0.0
  ]
}