{
  "ebn0_db": [
    2.0,
    3.0,
    4.0,
    5.0,
    6.0,
    7.0,
    8.0
  ],
  "BM": [
    0.435,
    0.20134228187919462,
    0.08086253369272237,
    0.019926934573231483,
    0.0029,
    0.00025,
    0.0
  ],
  "OSD(1)": [
    0.13574660633484162,
    0.02936857562408223,
    0.0062959076600209865,
    0.0008,
    0.0,
    0.0,
    0.0
  ],
  "LLOSD(1)": [
    0.2803738317757009,
    0.07702182284980745,
    0.022590361445783132,
    0.0036,
    0.0002,
    0.0,
    0.0
  ],
  "LLOSD(2)": [
    0.15267175572519084,
    0.033112582781456956,
    0.007223693715386468,
    0.0008666666666666666,
    0.0,
    0.0,
    0.0
  ],
  "ML": [
    0.13761467889908258,
    0.028288543140028287,
    0.006097560975609756,
    0.0007333333333333333,
    0.0,
    0.0,
    0.0
  ]
}