{
  "ebn0_db": [
    1.0,
    2.0,
    3.0,
    4.0,
    5.0,
    6.0,
    7.0
  ],
  "LLOSD(3)": [
    0.415,
    0.23809523809523808,
    0.04415011037527594,
    0.0028,
    6.666666666666667e-05,
    0.0,
    0.0
  ],
  "SLLOSD(3,2)": [
    0.46,
    0.27522935779816515,
    0.04942339373970346,
    0.0034666666666666665,
    0.0002,
    0.0,
    0.0
  ],
  "YSVL OSD(1)": [
    0.43,
    0.19736842105263158,
    0.036518563603164945,
    0.003,
    0.0002,
    0.0,
    0.0
  ],
  "CJ OSD(1)": [
    0.43,
    0.19736842105263158,
    0.036518563603164945,
    0.003,
    0.0002,
    0.0,
    0.0
  ],
  "OSD(1)": [
    0.43,
    0.19736842105263158,
    0.036518563603164945,
    0.003,
    0.0002,
    0.0,
    0.0
  ],
  "ML": [
    0.4,
    0.18181818181818182,
    0.03416856492027335,
    0.0021,
    0.0,
    0.0,
    0.0
  ]
}