{
  "ebn0_db": [
    3.0,
    4.0,
    5.0,
    6.0,
    7.0
  ],
  "OSD(1)": [
    0.09237875288683603,
    0.008,
    0.0003333333333333333,
    0.0,
    0.0
  ],
  "OSD(2)": [
    0.03864734299516908,
    0.0013333333333333333,
    0.0,
    0.0,
    0.0
  ],
  "LLOSD(2)": [
    0.4,
    0.07246376811594203,
    0.004333333333333333,
    0.0,
    0.0
  ],
  "LLOSD(3)": [
    0.21,
    0.0175,
    0.0005,
    0.0,
    0.0
  ],
  "HSD(1,4)": [
    0.625,
    0.19900497512437812,
    0.027548209366391185,
    0.003,
    0.0
  ],
  "HSD(1,6)": [
    0.625,
    0.19900497512437812,
    0.027548209366391185,
    0.0035,
    0.0
  ],
  "HSD(1,8)": [
    0.625,
    0.19900497512437812,
    0.027548209366391185,
    0.004,
    0.0
  ]
}