{
  "ebn0_db": [
    3.5,
    4.0,
    4.5,
    5.0,
    5.5,
    6.0,
    6.5,
    7.0
  ],
  "BM": [
    0.755,
    0.465,
    0.275,
    0.09345794392523364,
    0.025041736227045076,
    0.005333333333333333,
    0.0006666666666666666,
    0.0
  ],
  "OSD(1)": [
    0.16,
    0.04983388704318937,
    0.007,
    0.003,
    0.0,
    0.0,
    0.0,
    0.0
  ],
  "LLOSD(2)": [
    0.595,
    0.295,
    0.11764705882352941,
    0.04126547455295736,
    0.00125,
    0.0,
    0.0,
    0.0
  ],
  "PLCC(6)": [
    0.33,
    0.10909090909090909,
    0.02,
    0.008,
    0.0,
    0.0,
    0.0,
    0.0
  ],
  "PLCC(8)": [
    0.225,
    0.05,
    0.005,
    0.0025,
    0.0,
    0.0,
    0.0,
    0.0
  ],
  "HSD(1,4)": [
    0.795,
    0.565,
    0.31,
    0.1382488479262673,
    0.03,
    0.012,
    0.0,
    0.0
  ],
  "HSD(1,6)": [
    0.795,
    0.565,
    0.31,
    0.1382488479262673,
    0.0325,
    0.0125,
    0.0,
    0.0
  ],
  "HSD(1,8)": [
    0.795,
    0.565,
    0.31,
    0.1382488479262673,
    0.04,
    0.013333333333333334,
    0.0,
    0.0
  ],
  "ML": [
    0.795,
    0.565,
    0.31,
    0.1382488479262673,
    0.04,
    0.013333333333333334,
    0.0,
    0.0
  ]
}